{"cameraMode":{"drawMode":0,"name":"Shaded","section":"Shading Mode"},"sceneLighting":true,"audioPlay":false,"sceneViewState":{"showFog":true,"showMaterialUpdate":true,"showSkybox":true,"showFlares":true,"showImageEffects":true,"showParticleSystems":true},"in2DMode":false,"pivot":{"x":0.0,"y":-0.49444085359573367,"z":7.450580596923828e-8},"rotation":{"x":-0.25191617012023928,"y":0.2896983027458191,"z":-0.07947356253862381,"w":-0.9200130105018616},"size":3.864520788192749,"orthographic":false}